{
  "loss": [
    2.9046778678894043,
    1.70486581325531,
    1.225754737854004,
    1.024112343788147,
    0.8695065975189209,
    0.7680668830871582,
    0.6972493529319763,
    0.6358946561813354,
    0.5897959470748901,
    0.5415338277816772,
    0.4995903968811035,
    0.4457942843437195,
    0.4178849458694458,
    0.38069990277290344,
    0.30577248334884644,
    0.27414411306381226,
    0.25855034589767456,
    0.2421383410692215,
    0.23685814440250397,
    0.22354325652122498,
    0.2152443677186966,
    0.20456628501415253,
    0.19895222783088684,
    0.18856340646743774,
    0.1868985891342163
  ],
  "accuracy": [
    0.1801736056804657,
    0.44946718215942383,
    0.5959522128105164,
    0.6637590527534485,
    0.7200068831443787,
    0.7561876773834229,
    0.7835596203804016,
    0.8077947497367859,
    0.8280766606330872,
    0.848014771938324,
    0.8658903241157532,
    0.8875042796134949,
    0.901383638381958,
    0.9182708859443665,
    0.9474905729293823,
    0.9577174186706543,
    0.9625300765037537,
    0.9673857092857361,
    0.968502938747406,
    0.9721124172210693,
    0.974174976348877,
    0.9780852794647217,
    0.9779563546180725,
    0.9819955229759216,
    0.9809642434120178
  ],
  "val_loss": [
    3.1603498458862305,
    0.8034770488739014,
    0.514968752861023,
    0.4681709110736847,
    0.3029687702655792,
    0.5267720222473145,
    0.24910075962543488,
    0.1967245638370514,
    0.484256774187088,
    0.16487747430801392,
    0.43608763813972473,
    0.2727417051792145,
    3.3449602127075195,
    0.17345400154590607,
    0.7478535175323486,
    0.21575720608234406,
    0.14980265498161316,
    0.14648546278476715,
    0.14750859141349792,
    0.14246127009391785,
    0.15517860651016235,
    0.13666367530822754,
    0.13418042659759521,
    0.17266802489757538,
    0.13163000345230103
  ],
  "val_accuracy": [
    0.126220703125,
    0.80810546875,
    0.882568359375,
    0.89697265625,
    0.964111328125,
    0.87890625,
    0.974853515625,
    0.987548828125,
    0.8857421875,
    0.996826171875,
    0.90771484375,
    0.95166015625,
    0.533447265625,
    0.99755859375,
    0.822265625,
    0.9775390625,
    1.0,
    1.0,
    1.0,
    0.99951171875,
    0.9921875,
    0.999755859375,
    1.0,
    0.9873046875,
    1.0
  ],
  "lr": [
    0.0010000000474974513,
    0.0010000000474974513,
    0.0010000000474974513,
    0.0010000000474974513,
    0.0010000000474974513,
    0.0010000000474974513,
    0.0010000000474974513,
    0.0010000000474974513,
    0.0010000000474974513,
    0.0010000000474974513,
    0.0010000000474974513,
    0.0010000000474974513,
    0.0010000000474974513,
    0.0010000000474974513,
    0.0005000000237487257,
    0.0005000000237487257,
    0.0005000000237487257,
    0.0005000000237487257,
    0.0005000000237487257,
    0.0005000000237487257,
    0.0005000000237487257,
    0.0005000000237487257,
    0.0005000000237487257,
    0.0005000000237487257,
    0.0005000000237487257
  ]
}